utc	cgroup_current_mb	cgroup_peak_mb	anon_mb	file_mb	top_rss_mb_cmd
18:04:57	289	338	69	210	73:install 6:--status-fd 3:-eo 
18:05:07	521	522	88	417	73:install 21:--fsys-tarfile 7:--status-fd 
18:05:17	724	835	67	637	73:install 4:-s 3:--status-fd 
18:05:27	1438	1439	38	1329	60:pip 3:-eo 3:/work/dl_bundle/bundle-r3/job/entrypoint_r3.sh 
18:05:37	1442	1446	23	1329	45:pip 3:-eo 3:/work/dl_bundle/bundle-r3/job/entrypoint_r3.sh 
18:05:47	2500	2506	74	2229	103:pip 3:-eo 3:/work/dl_bundle/bundle-r3/job/entrypoint_r3.sh 
18:05:58	2710	2711	156	2342	228:-c 3:-eo 3:/work/dl_bundle/bundle-r3/job/entrypoint_r3.sh 
18:06:08	2697	2867	44	2440	83:-c 3:-eo 3:/work/dl_bundle/bundle-r3/job/entrypoint_r3.sh 
18:06:18	3003	3003	221	2560	325:-c 3:-eo 3:/work/dl_bundle/bundle-r3/job/entrypoint_r3.sh 
18:06:28	2939	3215	12	2704	23:r3_prep.py 3:-eo 3:/work/dl_bundle/bundle-r3/job/entrypoint_r3.sh 
18:06:38	3325	3389	89	3011	109:r3_prep.py 3:-eo 3:/work/dl_bundle/bundle-r3/job/entrypoint_r3.sh 
18:06:48	3813	3814	250	3336	269:r3_prep.py 3:-eo 3:/work/dl_bundle/bundle-r3/job/entrypoint_r3.sh 
18:06:58	4786	4901	144	4414	163:r3_prep.py 3:-eo 3:/work/dl_bundle/bundle-r3/job/entrypoint_r3.sh 
18:07:08	5407	5437	383	4797	502:r3_prep.py 18:/work/dl_bundle/bundle-r3/r3_prep.py 3:-eo 
18:07:18	5809	5867	412	5168	520:r3_prep.py 44:/work/dl_bundle/bundle-r3/r3_prep.py 3:-eo 
18:07:28	6133	6208	402	5503	525:r3_prep.py 3:-eo 3:/work/dl_bundle/bundle-r3/job/entrypoint_r3.sh 
18:07:38	6459	6459	441	5787	530:r3_prep.py 44:/work/dl_bundle/bundle-r3/r3_prep.py 3:-eo 
18:07:48	6989	7084	911	5847	1006:r3_prep.py 42:/usr/local/bin/hf 3:-eo 
18:07:58	7020	7084	883	5903	1049:r3_prep.py 3:-eo 3:/work/dl_bundle/bundle-r3/job/entrypoint_r3.sh 
18:08:08	7115	7131	939	5943	1106:r3_prep.py 3:-eo 3:/work/dl_bundle/bundle-r3/job/entrypoint_r3.sh 
18:08:18	7179	7186	942	5997	1110:r3_prep.py 3:-eo 3:/work/dl_bundle/bundle-r3/job/entrypoint_r3.sh 
18:08:28	6257	7187	29	6001	42:r3_size.py 3:-eo 3:/work/dl_bundle/bundle-r3/job/entrypoint_r3.sh 
18:08:38	6437	7187	207	6001	312:r3_access.py 3:-eo 3:/work/dl_bundle/bundle-r3/job/entrypoint_r3.sh 
18:08:48	6496	7187	265	6003	383:r3_access.py 3:-eo 3:/work/dl_bundle/bundle-r3/job/entrypoint_r3.sh 
18:08:58	6558	7187	326	6003	445:r3_access.py 3:-eo 3:/work/dl_bundle/bundle-r3/job/entrypoint_r3.sh 
18:09:08	6583	7187	350	6003	469:r3_access.py 3:-eo 3:/work/dl_bundle/bundle-r3/job/entrypoint_r3.sh 
18:09:18	6656	7187	423	6003	542:r3_access.py 3:-eo 3:/work/dl_bundle/bundle-r3/job/entrypoint_r3.sh 
18:09:28	6652	7187	420	6003	539:r3_access.py 3:-eo 3:/work/dl_bundle/bundle-r3/job/entrypoint_r3.sh 
18:09:38	6652	7187	420	6003	539:r3_access.py 3:-eo 3:/work/dl_bundle/bundle-r3/job/entrypoint_r3.sh 
18:09:48	7239	7241	1005	6003	548:r3_access.py 136:-c 136:-c 
18:09:58	8912	8913	2664	6003	548:r3_access.py 398:-c 398:-c 
18:10:08	8912	8914	2664	6003	548:r3_access.py 398:-c 398:-c 
18:10:18	8912	8914	2664	6003	548:r3_access.py 398:-c 398:-c 
18:10:28	8928	8929	2680	6003	548:r3_access.py 400:-c 400:-c 
18:10:38	9091	9092	2841	6003	548:r3_access.py 420:-c 420:-c 
18:10:48	8519	9133	2270	6003	547:r3_access.py 351:-c 351:-c 
18:10:58	8531	9133	2284	6003	547:r3_access.py 351:-c 351:-c 
18:11:08	8630	9133	2380	6003	547:r3_access.py 364:-c 364:-c 
18:11:19	6894	9133	671	6003	547:r3_access.py 81:-c 80:-c 
18:11:29	8746	9133	2499	6003	547:r3_access.py 378:-c 378:-c 
18:11:39	8747	9133	2499	6003	547:r3_access.py 378:-c 378:-c 
18:11:49	8747	9133	2499	6003	547:r3_access.py 378:-c 378:-c 
18:11:59	8759	9133	2510	6003	547:r3_access.py 380:-c 379:-c 
18:12:09	8910	9133	2659	6003	547:r3_access.py 398:-c 398:-c 
18:12:19	8566	9133	2316	6003	547:r3_access.py 355:-c 355:-c 
18:12:29	8564	9133	2316	6003	547:r3_access.py 355:-c 355:-c 
18:12:39	8668	9133	2419	6003	547:r3_access.py 369:-c 368:-c 
18:12:49	8695	9133	2446	6003	547:r3_access.py 373:-c 371:-c 
18:12:59	8602	9133	2355	6003	547:r3_access.py 360:-c 360:-c 
18:13:09	8602	9133	2355	6003	547:r3_access.py 360:-c 360:-c 
18:13:19	8602	9133	2355	6003	547:r3_access.py 360:-c 360:-c 
18:13:29	8602	9133	2355	6003	547:r3_access.py 360:-c 360:-c 
18:13:39	8738	9133	2490	6003	547:r3_access.py 377:-c 376:-c 
18:13:49	8473	9133	2222	6003	547:r3_access.py 333:-c 333:-c 
18:13:59	8495	9133	2249	6003	547:r3_access.py 346:-c 346:-c 
18:14:09	8540	9133	2293	6003	547:r3_access.py 353:-c 353:-c 
18:14:19	8558	9133	2310	6003	547:r3_access.py 356:-c 355:-c 
18:14:29	6668	9133	436	6003	548:r3_access.py 12:-c 3:-eo 
18:14:39	6552	9133	231	6088	341:/work/dl_bundle/bundle-r3/r3_pr3917.py 14:r3_pr3917.py 3:-eo 
18:14:49	6891	9133	494	6154	663:/work/dl_bundle/bundle-r3/r3_pr3917.py 14:r3_pr3917.py 3:-eo 
18:14:59	6872	9133	394	6242	638:/work/dl_bundle/bundle-r3/r3_pr3917.py 14:r3_pr3917.py 3:-eo 
18:15:09	7421	9133	900	6248	1149:/work/dl_bundle/bundle-r3/r3_pr3917.py 14:r3_pr3917.py 3:-eo 
18:15:19	8060	9133	1523	6248	1780:/work/dl_bundle/bundle-r3/r3_pr3917.py 14:r3_pr3917.py 3:-eo 
18:15:29	7968	9133	1278	6248	1401:/work/dl_bundle/bundle-r3/r3_pr3917.py 14:r3_pr3917.py 3:-eo 
18:15:39	6873	9133	379	6249	550:/work/dl_bundle/bundle-r3/r3_pr3917.py 14:r3_pr3917.py 3:-eo 
18:15:50	6925	9133	400	6279	597:/work/dl_bundle/bundle-r3/r3_pr3917.py 14:r3_pr3917.py 3:-eo 
18:16:00	7529	9133	955	6279	1155:/work/dl_bundle/bundle-r3/r3_pr3917.py 14:r3_pr3917.py 3:-eo 
18:16:10	8095	9133	1512	6279	1720:/work/dl_bundle/bundle-r3/r3_pr3917.py 14:r3_pr3917.py 3:-eo 
18:16:20	8109	9203	1534	6279	1716:/work/dl_bundle/bundle-r3/r3_pr3917.py 14:r3_pr3917.py 3:-eo 
18:16:30	7046	9203	528	6283	696:/work/dl_bundle/bundle-r3/r3_pr3917.py 14:r3_pr3917.py 3:-eo 
18:16:40	6733	9203	216	6283	326:/work/dl_bundle/bundle-r3/r3_pr3917.py 14:r3_pr3917.py 3:-eo 
18:16:50	6829	9203	311	6283	550:/work/dl_bundle/bundle-r3/r3_pr3917.py 14:r3_pr3917.py 3:-eo 
18:17:00	7465	9203	904	6283	1145:/work/dl_bundle/bundle-r3/r3_pr3917.py 14:r3_pr3917.py 3:-eo 
18:17:10	7904	9203	1325	6283	1569:/work/dl_bundle/bundle-r3/r3_pr3917.py 14:r3_pr3917.py 3:-eo 
18:17:20	8657	9203	2074	6284	2326:/work/dl_bundle/bundle-r3/r3_pr3917.py 14:r3_pr3917.py 3:-eo 
18:17:30	9226	9228	2643	6284	2896:/work/dl_bundle/bundle-r3/r3_pr3917.py 14:r3_pr3917.py 3:-eo 
18:17:40	6595	9305	79	6284	128:/work/dl_bundle/bundle-r3/r3_pr3917.py 15:r3_pr3917.py 3:-eo 
18:17:50	6844	9305	321	6284	510:/work/dl_bundle/bundle-r3/r3_pr3917.py 15:r3_pr3917.py 3:-eo 
18:18:00	7497	9305	933	6284	1127:/work/dl_bundle/bundle-r3/r3_pr3917.py 15:r3_pr3917.py 3:-eo 
18:18:10	7872	9305	1296	6284	1490:/work/dl_bundle/bundle-r3/r3_pr3917.py 15:r3_pr3917.py 3:-eo 
18:18:20	8580	9305	2001	6284	2203:/work/dl_bundle/bundle-r3/r3_pr3917.py 15:r3_pr3917.py 3:-eo 
18:18:30	9385	9466	2812	6284	3014:/work/dl_bundle/bundle-r3/r3_pr3917.py 15:r3_pr3917.py 3:-eo 
18:18:40	9395	9466	2822	6284	3024:/work/dl_bundle/bundle-r3/r3_pr3917.py 15:r3_pr3917.py 3:-eo 
18:18:50	8887	9466	2347	6284	468:/work/dl_bundle/bundle-r3/r3_pr3917.py 468:/work/dl_bundle/bundle-r3/r3_pr3917.py 468:/work/dl_bundle/bundle-r3/r3_pr3917.py 
18:19:01	12876	12884	6088	6284	999:/work/dl_bundle/bundle-r3/r3_pr3917.py 990:/work/dl_bundle/bundle-r3/r3_pr3917.py 985:/work/dl_bundle/bundle-r3/r3_pr3917.py 
18:19:11	17237	17247	10320	6284	1625:/work/dl_bundle/bundle-r3/r3_pr3917.py 1586:/work/dl_bundle/bundle-r3/r3_pr3917.py 1550:/work/dl_bundle/bundle-r3/r3_pr3917.py 
18:19:21	20328	22768	13397	6284	2326:/work/dl_bundle/bundle-r3/r3_pr3917.py 2319:/work/dl_bundle/bundle-r3/r3_pr3917.py 2244:/work/dl_bundle/bundle-r3/r3_pr3917.py 
18:19:31	8597	22768	2072	6284	394:/work/dl_bundle/bundle-r3/r3_pr3917.py 385:/work/dl_bundle/bundle-r3/r3_pr3917.py 383:/work/dl_bundle/bundle-r3/r3_pr3917.py 
18:19:41	12986	22768	6218	6284	977:/work/dl_bundle/bundle-r3/r3_pr3917.py 976:/work/dl_bundle/bundle-r3/r3_pr3917.py 974:/work/dl_bundle/bundle-r3/r3_pr3917.py 
18:19:51	16994	22768	10070	6284	1575:/work/dl_bundle/bundle-r3/r3_pr3917.py 1550:/work/dl_bundle/bundle-r3/r3_pr3917.py 1472:/work/dl_bundle/bundle-r3/r3_pr3917.py 
18:20:01	7354	24048	778	6284	15:r3_pr3917.py 3:-eo 3:/work/dl_bundle/bundle-r3/job/entrypoint_r3.sh 
18:20:11	6531	24048	15	6284	26:/work/venv/bin/hf 3:-eo 3:/work/dl_bundle/bundle-r3/job/entrypoint_r3.sh 
