utc	cgroup_current_mb	cgroup_peak_mb	anon_mb	file_mb	top_rss_mb_cmd	gpu_mem_used_mb	gpu_util_pct
01:35:16	134	386	46	71	42:-m 25:/usr/local/lib/python3.12/dist-packages/pip/_vendor/pyproject_hooks/_in_process/_in_process.py 3:-eo 	0	0
01:35:26	848	856	199	621	210:-m 3:-eo 3:/work/dl/bundle-r4train/job/entrypoint_r4train.sh 	0	0
01:35:36	1400	1400	208	1139	220:-m 3:-eo 3:/work/dl/bundle-r4train/job/entrypoint_r4train.sh 	0	0
01:35:46	1826	1826	215	1533	227:-m 3:-eo 3:/work/dl/bundle-r4train/job/entrypoint_r4train.sh 	0	0
01:35:56	2405	2835	232	2100	470:/work/dl_bundle/bundle-r4train/r4train_bench.py 17:r4train_bench.py 3:-eo 	0	0
01:36:07	3281	3298	1035	2165	1617:/work/dl_bundle/bundle-r4train/r4train_bench.py 17:r4train_bench.py 3:-eo 	778	1
01:36:17	2577	3638	358	2144	653:/work/dl_bundle/bundle-r4train/r4train_bench.py 17:r4train_bench.py 3:-eo 	0	0
01:36:27	3367	3638	1122	2165	1712:/work/dl_bundle/bundle-r4train/r4train_bench.py 17:r4train_bench.py 3:-eo 	796	0
01:36:37	2609	3645	390	2144	688:/work/dl_bundle/bundle-r4train/r4train_bench.py 17:r4train_bench.py 3:-eo 	0	0
01:36:47	3859	3871	1614	2183	2279:/work/dl_bundle/bundle-r4train/r4train_bench.py 17:r4train_bench.py 3:-eo 	5202	74
01:36:57	3769	3912	1504	2183	2153:/work/dl_bundle/bundle-r4train/r4train_bench.py 17:r4train_bench.py 3:-eo 	5202	80
01:37:07	2596	3912	377	2144	676:/work/dl_bundle/bundle-r4train/r4train_bench.py 17:r4train_bench.py 3:-eo 	0	0
01:37:17	3601	3912	1356	2163	1983:/work/dl_bundle/bundle-r4train/r4train_bench.py 17:r4train_bench.py 3:-eo 	1730	89
01:37:27	2904	3912	680	2144	1057:/work/dl_bundle/bundle-r4train/r4train_bench.py 17:r4train_bench.py 3:-eo 	18	0
01:37:37	3638	3912	1325	2231	1981:/work/dl_bundle/bundle-r4train/r4train_bench.py 17:r4train_bench.py 3:-eo 	4708	0
01:37:47	3931	4185	1617	2231	2314:/work/dl_bundle/bundle-r4train/r4train_bench.py 17:r4train_bench.py 3:-eo 	19962	100
01:37:57	3933	4185	1619	2231	2316:/work/dl_bundle/bundle-r4train/r4train_bench.py 17:r4train_bench.py 3:-eo 	19962	100
01:38:07	3913	4187	1598	2231	2260:/work/dl_bundle/bundle-r4train/r4train_bench.py 52:/usr/local/bin/hf 17:r4train_bench.py 	19962	100
01:38:17	4010	4187	1709	2231	2452:/work/dl_bundle/bundle-r4train/r4train_bench.py 17:r4train_bench.py 3:-eo 	19962	100
01:38:27	3933	4187	1619	2231	2316:/work/dl_bundle/bundle-r4train/r4train_bench.py 17:r4train_bench.py 3:-eo 	19962	96
01:38:37	3877	4187	1563	2231	2260:/work/dl_bundle/bundle-r4train/r4train_bench.py 17:r4train_bench.py 3:-eo 	19962	100
01:38:47	3933	4187	1619	2231	2316:/work/dl_bundle/bundle-r4train/r4train_bench.py 17:r4train_bench.py 3:-eo 	19962	100
01:38:57	4222	4223	1173	2969	1556:/work/dl_bundle/bundle-r4train/r4train_bench.py 17:r4train_bench.py 3:-eo 	3	0
01:39:07	6730	6731	2367	4278	3137:/work/dl_bundle/bundle-r4train/r4train_bench.py 17:r4train_bench.py 3:-eo 	4004	98
01:39:17	6730	6746	2367	4278	3137:/work/dl_bundle/bundle-r4train/r4train_bench.py 17:r4train_bench.py 3:-eo 	4004	92
01:39:27	4526	6746	366	4085	662:/work/dl_bundle/bundle-r4train/r4train_bench.py 17:r4train_bench.py 3:-eo 	0	0
01:39:37	6106	6746	1745	4278	2508:/work/dl_bundle/bundle-r4train/r4train_bench.py 17:r4train_bench.py 3:-eo 	4010	99
01:39:47	6106	6746	1745	4278	2508:/work/dl_bundle/bundle-r4train/r4train_bench.py 17:r4train_bench.py 3:-eo 	4010	99
01:39:57	4415	6746	255	4085	493:/work/dl_bundle/bundle-r4train/r4train_bench.py 17:r4train_bench.py 3:-eo 	0	0
01:40:07	5443	6746	1075	4287	1738:/work/dl_bundle/bundle-r4train/r4train_bench.py 17:r4train_bench.py 3:-eo 	1334	0
01:40:17	6360	6746	1986	4290	2762:/work/dl_bundle/bundle-r4train/r4train_bench.py 17:r4train_bench.py 3:-eo 	4058	77
01:40:27	6360	6746	1986	4290	2762:/work/dl_bundle/bundle-r4train/r4train_bench.py 17:r4train_bench.py 3:-eo 	4058	96
01:40:38	5683	6746	1519	4085	1900:/work/dl_bundle/bundle-r4train/r4train_bench.py 17:r4train_bench.py 3:-eo 	3	0
01:40:48	6085	6746	1726	4276	2487:/work/dl_bundle/bundle-r4train/r4train_bench.py 17:r4train_bench.py 3:-eo 	3286	93
01:40:58	4522	6746	362	4085	657:/work/dl_bundle/bundle-r4train/r4train_bench.py 17:r4train_bench.py 3:-eo 	0	0
01:41:08	6568	6746	2104	4306	2884:/work/dl_bundle/bundle-r4train/r4train_bench.py 52:/usr/local/bin/hf 17:r4train_bench.py 	4222	97
01:41:18	6513	6746	2141	4306	2861:/work/dl_bundle/bundle-r4train/r4train_bench.py 17:r4train_bench.py 3:-eo 	4222	96
01:41:28	6311	6746	1920	4306	2711:/work/dl_bundle/bundle-r4train/r4train_bench.py 17:r4train_bench.py 3:-eo 	4222	98
01:41:38	5655	6746	1491	4085	1872:/work/dl_bundle/bundle-r4train/r4train_bench.py 17:r4train_bench.py 3:-eo 	3	0
01:41:48	6172	6746	1766	4322	2574:/work/dl_bundle/bundle-r4train/r4train_bench.py 17:r4train_bench.py 3:-eo 	20286	100
01:41:58	6173	6746	1767	4322	2575:/work/dl_bundle/bundle-r4train/r4train_bench.py 17:r4train_bench.py 3:-eo 	20500	100
01:42:08	6172	6746	1767	4322	2575:/work/dl_bundle/bundle-r4train/r4train_bench.py 17:r4train_bench.py 3:-eo 	20500	99
01:42:18	6172	6746	1767	4322	2575:/work/dl_bundle/bundle-r4train/r4train_bench.py 17:r4train_bench.py 3:-eo 	20500	100
01:42:28	6173	6746	1767	4322	2575:/work/dl_bundle/bundle-r4train/r4train_bench.py 17:r4train_bench.py 3:-eo 	20500	100
01:42:38	6173	6746	1767	4322	2575:/work/dl_bundle/bundle-r4train/r4train_bench.py 17:r4train_bench.py 3:-eo 	20500	100
01:42:48	6172	6746	1767	4322	2575:/work/dl_bundle/bundle-r4train/r4train_bench.py 17:r4train_bench.py 3:-eo 	20500	100
01:42:58	6173	6746	1767	4322	2575:/work/dl_bundle/bundle-r4train/r4train_bench.py 17:r4train_bench.py 3:-eo 	20500	99
01:43:08	6224	6746	1839	4322	2625:/work/dl_bundle/bundle-r4train/r4train_bench.py 17:r4train_bench.py 3:-eo 	20500	100
01:43:18	6173	6746	1767	4322	2575:/work/dl_bundle/bundle-r4train/r4train_bench.py 17:r4train_bench.py 3:-eo 	20500	99
01:43:28	6173	6746	1767	4322	2575:/work/dl_bundle/bundle-r4train/r4train_bench.py 17:r4train_bench.py 3:-eo 	20500	100
01:43:38	6172	6746	1767	4322	2575:/work/dl_bundle/bundle-r4train/r4train_bench.py 17:r4train_bench.py 3:-eo 	20500	100
01:43:48	6173	6746	1767	4322	2575:/work/dl_bundle/bundle-r4train/r4train_bench.py 17:r4train_bench.py 3:-eo 	20500	100
01:43:58	6173	6746	1767	4322	2575:/work/dl_bundle/bundle-r4train/r4train_bench.py 17:r4train_bench.py 3:-eo 	20500	63
01:44:08	6209	6746	1802	4322	2575:/work/dl_bundle/bundle-r4train/r4train_bench.py 53:/usr/local/bin/hf 17:r4train_bench.py 	20500	100
01:44:18	6173	6746	1767	4322	2575:/work/dl_bundle/bundle-r4train/r4train_bench.py 17:r4train_bench.py 3:-eo 	20500	100
01:44:28	6173	6746	1767	4322	2575:/work/dl_bundle/bundle-r4train/r4train_bench.py 17:r4train_bench.py 3:-eo 	20500	100
01:44:38	6173	6746	1767	4322	2575:/work/dl_bundle/bundle-r4train/r4train_bench.py 17:r4train_bench.py 3:-eo 	20500	100
01:44:48	5684	6746	1519	4085	1901:/work/dl_bundle/bundle-r4train/r4train_bench.py 17:r4train_bench.py 3:-eo 	3	0
01:44:59	6220	6746	1814	4322	2623:/work/dl_bundle/bundle-r4train/r4train_bench.py 17:r4train_bench.py 3:-eo 	20492	45
01:45:09	6219	6746	1814	4322	2623:/work/dl_bundle/bundle-r4train/r4train_bench.py 17:r4train_bench.py 3:-eo 	20706	100
01:45:19	6220	6746	1814	4322	2623:/work/dl_bundle/bundle-r4train/r4train_bench.py 17:r4train_bench.py 3:-eo 	20706	100
01:45:29	6219	6746	1814	4322	2623:/work/dl_bundle/bundle-r4train/r4train_bench.py 17:r4train_bench.py 3:-eo 	20706	100
01:45:39	6220	6746	1814	4322	2624:/work/dl_bundle/bundle-r4train/r4train_bench.py 17:r4train_bench.py 3:-eo 	20706	99
01:45:49	6220	6746	1814	4322	2624:/work/dl_bundle/bundle-r4train/r4train_bench.py 17:r4train_bench.py 3:-eo 	20706	100
01:45:59	6219	6746	1814	4322	2624:/work/dl_bundle/bundle-r4train/r4train_bench.py 17:r4train_bench.py 3:-eo 	20706	100
01:46:09	6220	6746	1814	4322	2624:/work/dl_bundle/bundle-r4train/r4train_bench.py 17:r4train_bench.py 3:-eo 	20706	100
01:46:19	6219	6746	1814	4322	2624:/work/dl_bundle/bundle-r4train/r4train_bench.py 17:r4train_bench.py 3:-eo 	20706	100
01:46:29	6219	6746	1814	4322	2624:/work/dl_bundle/bundle-r4train/r4train_bench.py 17:r4train_bench.py 3:-eo 	20706	100
01:46:39	6219	6746	1814	4322	2624:/work/dl_bundle/bundle-r4train/r4train_bench.py 17:r4train_bench.py 3:-eo 	20706	100
01:46:49	6220	6746	1814	4322	2624:/work/dl_bundle/bundle-r4train/r4train_bench.py 17:r4train_bench.py 3:-eo 	20706	100
01:46:59	6220	6746	1814	4322	2624:/work/dl_bundle/bundle-r4train/r4train_bench.py 17:r4train_bench.py 3:-eo 	20706	39
01:47:09	6250	6746	1844	4322	2624:/work/dl_bundle/bundle-r4train/r4train_bench.py 45:/usr/local/bin/hf 17:r4train_bench.py 	20706	100
01:47:19	6220	6746	1814	4322	2624:/work/dl_bundle/bundle-r4train/r4train_bench.py 17:r4train_bench.py 3:-eo 	20706	100
01:47:29	6220	6746	1814	4322	2624:/work/dl_bundle/bundle-r4train/r4train_bench.py 17:r4train_bench.py 3:-eo 	20706	100
01:47:39	6220	6746	1814	4322	2624:/work/dl_bundle/bundle-r4train/r4train_bench.py 17:r4train_bench.py 3:-eo 	20706	100
01:47:49	6074	6746	1668	4322	2478:/work/dl_bundle/bundle-r4train/r4train_bench.py 17:r4train_bench.py 3:-eo 	20706	0
01:47:59	5684	6746	1519	4085	1901:/work/dl_bundle/bundle-r4train/r4train_bench.py 17:r4train_bench.py 3:-eo 	3	0
01:48:09	6724	7400	2173	4466	3124:/work/dl_bundle/bundle-r4train/r4train_bench.py 17:r4train_bench.py 3:-eo 	20870	100
01:48:19	6724	7400	2173	4466	3124:/work/dl_bundle/bundle-r4train/r4train_bench.py 17:r4train_bench.py 3:-eo 	21084	100
01:48:29	6724	7401	2173	4466	3124:/work/dl_bundle/bundle-r4train/r4train_bench.py 17:r4train_bench.py 3:-eo 	21084	100
01:48:39	6724	7401	2173	4466	3124:/work/dl_bundle/bundle-r4train/r4train_bench.py 17:r4train_bench.py 3:-eo 	21084	98
01:48:49	6753	7401	2229	4466	3227:/work/dl_bundle/bundle-r4train/r4train_bench.py 17:r4train_bench.py 3:-eo 	21084	100
01:48:59	6724	7401	2173	4466	3124:/work/dl_bundle/bundle-r4train/r4train_bench.py 17:r4train_bench.py 3:-eo 	21084	100
01:49:10	6724	7401	2173	4466	3124:/work/dl_bundle/bundle-r4train/r4train_bench.py 17:r4train_bench.py 3:-eo 	21084	100
01:49:20	6724	7401	2173	4466	3124:/work/dl_bundle/bundle-r4train/r4train_bench.py 17:r4train_bench.py 3:-eo 	21084	100
01:49:30	6724	7401	2173	4466	3124:/work/dl_bundle/bundle-r4train/r4train_bench.py 17:r4train_bench.py 3:-eo 	21084	100
01:49:40	6724	7401	2173	4466	3124:/work/dl_bundle/bundle-r4train/r4train_bench.py 17:r4train_bench.py 3:-eo 	21084	99
01:49:50	6724	7401	2173	4466	3124:/work/dl_bundle/bundle-r4train/r4train_bench.py 17:r4train_bench.py 3:-eo 	21084	100
01:50:00	6724	7401	2173	4466	3124:/work/dl_bundle/bundle-r4train/r4train_bench.py 17:r4train_bench.py 3:-eo 	21084	100
01:50:10	6754	7401	2203	4466	3124:/work/dl_bundle/bundle-r4train/r4train_bench.py 42:/usr/local/bin/hf 17:r4train_bench.py 	21084	100
01:50:20	6724	7437	2173	4466	3124:/work/dl_bundle/bundle-r4train/r4train_bench.py 17:r4train_bench.py 3:-eo 	21084	99
01:50:30	6724	7437	2173	4466	3124:/work/dl_bundle/bundle-r4train/r4train_bench.py 17:r4train_bench.py 3:-eo 	21084	100
01:50:40	6724	7437	2173	4466	3124:/work/dl_bundle/bundle-r4train/r4train_bench.py 17:r4train_bench.py 3:-eo 	21084	100
01:50:50	6724	7437	2173	4466	3124:/work/dl_bundle/bundle-r4train/r4train_bench.py 17:r4train_bench.py 3:-eo 	21084	100
01:51:00	6724	7437	2173	4466	3124:/work/dl_bundle/bundle-r4train/r4train_bench.py 17:r4train_bench.py 3:-eo 	21084	100
01:51:10	6196	7437	1645	4466	2597:/work/dl_bundle/bundle-r4train/r4train_bench.py 17:r4train_bench.py 3:-eo 	21084	0
