stage	status	seconds	finished_utc	cgroup_peak_mb
system_deps	ok	42	2026-09-25T02:53:04Z	835
bundle	ok	0	2026-09-25T02:53:04Z	835
python_env	ok	36	2026-09-25T02:53:40Z	2242
fetch	ok	20	2026-09-25T02:54:09Z	6660
encode	ok	1236	2026-09-25T03:14:46Z	10884
big	ok	99	2026-09-25T03:16:26Z	10889
verify	ok	61	2026-09-25T03:17:29Z	11600
upload	ok	25	2026-09-25T03:17:55Z	12253
remote	ok	2069	2026-09-25T03:52:26Z	14120
opencost	ok	98	2026-09-25T03:54:05Z	14120
loader	ok	2641	2026-09-25T04:38:07Z	20821
model	ok	0	2026-09-25T04:38:09Z	20821
exit	0	-	2026-09-25T04:38:10Z	20821
