utc	stage	cgroup_current_mb	cgroup_peak_mb
02:08:11	encode_5000	4921	4922
02:08:39	encode_10000	5060	5060
02:09:07	encode_15000	5199	5199
02:09:36	encode_20000	5349	5349
02:10:04	encode_25000	5486	5486
02:10:31	encode_30000	5620	5620
02:11:00	encode_35000	5757	5757
02:11:29	encode_40000	5902	5902
02:11:58	encode_45000	6033	6033
02:12:26	encode_50000	6173	6173
02:12:53	encode_55000	6290	6290
02:13:20	encode_end	6421	6421
02:16:32	stream_rep0	7222	8062
02:18:31	stream_rep1	7212	8062
02:20:35	stream_rep2	7364	8062
02:22:36	stream_rep3	7367	8062
02:24:38	stream_rep4	7251	8062
